PRAGMA foreign_keys=OFF;
BEGIN TRANSACTION;
CREATE TABLE IF NOT EXISTS "django_migrations" ("id" integer NOT NULL PRIMARY KEY AUTOINCREMENT, "app" varchar(255) NOT NULL, "name" varchar(255) NOT NULL, "applied" datetime NOT NULL);
INSERT INTO django_migrations VALUES(1,'contenttypes','0001_initial','2023-03-24 16:59:40.616183');
INSERT INTO django_migrations VALUES(2,'contenttypes','0002_remove_content_type_name','2023-03-24 16:59:40.637750');
INSERT INTO django_migrations VALUES(3,'auth','0001_initial','2023-03-24 16:59:40.671054');
INSERT INTO django_migrations VALUES(4,'auth','0002_alter_permission_name_max_length','2023-03-24 16:59:40.689493');
INSERT INTO django_migrations VALUES(5,'auth','0003_alter_user_email_max_length','2023-03-24 16:59:40.706168');
INSERT INTO django_migrations VALUES(6,'auth','0004_alter_user_username_opts','2023-03-24 16:59:40.719766');
INSERT INTO django_migrations VALUES(7,'auth','0005_alter_user_last_login_null','2023-03-24 16:59:40.731380');
INSERT INTO django_migrations VALUES(8,'auth','0006_require_contenttypes_0002','2023-03-24 16:59:40.737631');
INSERT INTO django_migrations VALUES(9,'auth','0007_alter_validators_add_error_messages','2023-03-24 16:59:40.751240');
INSERT INTO django_migrations VALUES(10,'auth','0008_alter_user_username_max_length','2023-03-24 16:59:40.766140');
INSERT INTO django_migrations VALUES(11,'auth','0009_alter_user_last_name_max_length','2023-03-24 16:59:40.780199');
INSERT INTO django_migrations VALUES(12,'auth','0010_alter_group_name_max_length','2023-03-24 16:59:40.798496');
INSERT INTO django_migrations VALUES(13,'auth','0011_update_proxy_permissions','2023-03-24 16:59:40.817143');
INSERT INTO django_migrations VALUES(14,'auth','0012_alter_user_first_name_max_length','2023-03-24 16:59:40.830598');
INSERT INTO django_migrations VALUES(15,'users','0001_initial','2023-03-24 16:59:40.864236');
INSERT INTO django_migrations VALUES(16,'admin','0001_initial','2023-03-24 16:59:40.896960');
INSERT INTO django_migrations VALUES(17,'admin','0002_logentry_remove_auto_add','2023-03-24 16:59:40.923273');
INSERT INTO django_migrations VALUES(18,'admin','0003_logentry_add_action_flag_choices','2023-03-24 16:59:40.949500');
INSERT INTO django_migrations VALUES(19,'authtoken','0001_initial','2023-03-24 16:59:40.967558');
INSERT INTO django_migrations VALUES(20,'authtoken','0002_auto_20160226_1747','2023-03-24 16:59:41.027402');
INSERT INTO django_migrations VALUES(21,'authtoken','0003_tokenproxy','2023-03-24 16:59:41.037180');
INSERT INTO django_migrations VALUES(22,'main','0001_initial','2023-03-24 16:59:41.134713');
INSERT INTO django_migrations VALUES(23,'sessions','0001_initial','2023-03-24 16:59:41.151926');
INSERT INTO django_migrations VALUES(24,'main','0002_alter_ingredients_options','2023-03-26 11:40:53.248614');
INSERT INTO django_migrations VALUES(25,'main','0003_alter_subscriptions_author','2023-03-26 11:40:53.273743');
INSERT INTO django_migrations VALUES(26,'main','0004_alter_favorites_user','2023-03-26 11:40:53.309633');
INSERT INTO django_migrations VALUES(27,'main','0005_auto_20230325_1259','2023-03-26 11:40:53.383943');
INSERT INTO django_migrations VALUES(28,'main','0006_auto_20230325_1259','2023-03-26 11:40:53.449425');
INSERT INTO django_migrations VALUES(29,'main','0007_alter_favorites_unique_together','2023-03-26 11:40:53.474313');
INSERT INTO django_migrations VALUES(30,'main','0008_alter_subscriptions_unique_together','2023-03-26 11:40:53.497128');
INSERT INTO django_migrations VALUES(31,'main','0009_alter_subscriptions_unique_together','2023-03-26 11:40:53.534309');
INSERT INTO django_migrations VALUES(32,'main','0010_auto_20230325_1328','2023-03-26 11:40:53.593401');
INSERT INTO django_migrations VALUES(33,'main','0011_auto_20230325_1329','2023-03-26 11:40:53.667182');
CREATE TABLE IF NOT EXISTS "django_content_type" ("id" integer NOT NULL PRIMARY KEY AUTOINCREMENT, "app_label" varchar(100) NOT NULL, "model" varchar(100) NOT NULL);
INSERT INTO django_content_type VALUES(1,'admin','logentry');
INSERT INTO django_content_type VALUES(2,'auth','permission');
INSERT INTO django_content_type VALUES(3,'auth','group');
INSERT INTO django_content_type VALUES(4,'contenttypes','contenttype');
INSERT INTO django_content_type VALUES(5,'sessions','session');
INSERT INTO django_content_type VALUES(6,'users','user');
INSERT INTO django_content_type VALUES(7,'authtoken','token');
INSERT INTO django_content_type VALUES(8,'authtoken','tokenproxy');
INSERT INTO django_content_type VALUES(9,'main','ingredients');
INSERT INTO django_content_type VALUES(10,'main','tags');
INSERT INTO django_content_type VALUES(11,'main','tobuylist');
INSERT INTO django_content_type VALUES(12,'main','subscriptions');
INSERT INTO django_content_type VALUES(13,'main','recipe');
INSERT INTO django_content_type VALUES(14,'main','ingredientstorecipe');
INSERT INTO django_content_type VALUES(15,'main','favorites');
CREATE TABLE IF NOT EXISTS "auth_group_permissions" ("id" integer NOT NULL PRIMARY KEY AUTOINCREMENT, "group_id" integer NOT NULL REFERENCES "auth_group" ("id") DEFERRABLE INITIALLY DEFERRED, "permission_id" integer NOT NULL REFERENCES "auth_permission" ("id") DEFERRABLE INITIALLY DEFERRED);
CREATE TABLE IF NOT EXISTS "auth_permission" ("id" integer NOT NULL PRIMARY KEY AUTOINCREMENT, "content_type_id" integer NOT NULL REFERENCES "django_content_type" ("id") DEFERRABLE INITIALLY DEFERRED, "codename" varchar(100) NOT NULL, "name" varchar(255) NOT NULL);
INSERT INTO auth_permission VALUES(1,1,'add_logentry','Can add log entry');
INSERT INTO auth_permission VALUES(2,1,'change_logentry','Can change log entry');
INSERT INTO auth_permission VALUES(3,1,'delete_logentry','Can delete log entry');
INSERT INTO auth_permission VALUES(4,1,'view_logentry','Can view log entry');
INSERT INTO auth_permission VALUES(5,2,'add_permission','Can add permission');
INSERT INTO auth_permission VALUES(6,2,'change_permission','Can change permission');
INSERT INTO auth_permission VALUES(7,2,'delete_permission','Can delete permission');
INSERT INTO auth_permission VALUES(8,2,'view_permission','Can view permission');
INSERT INTO auth_permission VALUES(9,3,'add_group','Can add group');
INSERT INTO auth_permission VALUES(10,3,'change_group','Can change group');
INSERT INTO auth_permission VALUES(11,3,'delete_group','Can delete group');
INSERT INTO auth_permission VALUES(12,3,'view_group','Can view group');
INSERT INTO auth_permission VALUES(13,4,'add_contenttype','Can add content type');
INSERT INTO auth_permission VALUES(14,4,'change_contenttype','Can change content type');
INSERT INTO auth_permission VALUES(15,4,'delete_contenttype','Can delete content type');
INSERT INTO auth_permission VALUES(16,4,'view_contenttype','Can view content type');
INSERT INTO auth_permission VALUES(17,5,'add_session','Can add session');
INSERT INTO auth_permission VALUES(18,5,'change_session','Can change session');
INSERT INTO auth_permission VALUES(19,5,'delete_session','Can delete session');
INSERT INTO auth_permission VALUES(20,5,'view_session','Can view session');
INSERT INTO auth_permission VALUES(21,6,'add_user','Can add user');
INSERT INTO auth_permission VALUES(22,6,'change_user','Can change user');
INSERT INTO auth_permission VALUES(23,6,'delete_user','Can delete user');
INSERT INTO auth_permission VALUES(24,6,'view_user','Can view user');
INSERT INTO auth_permission VALUES(25,7,'add_token','Can add Token');
INSERT INTO auth_permission VALUES(26,7,'change_token','Can change Token');
INSERT INTO auth_permission VALUES(27,7,'delete_token','Can delete Token');
INSERT INTO auth_permission VALUES(28,7,'view_token','Can view Token');
INSERT INTO auth_permission VALUES(29,8,'add_tokenproxy','Can add token');
INSERT INTO auth_permission VALUES(30,8,'change_tokenproxy','Can change token');
INSERT INTO auth_permission VALUES(31,8,'delete_tokenproxy','Can delete token');
INSERT INTO auth_permission VALUES(32,8,'view_tokenproxy','Can view token');
INSERT INTO auth_permission VALUES(33,9,'add_ingredients','Can add ingredients');
INSERT INTO auth_permission VALUES(34,9,'change_ingredients','Can change ingredients');
INSERT INTO auth_permission VALUES(35,9,'delete_ingredients','Can delete ingredients');
INSERT INTO auth_permission VALUES(36,9,'view_ingredients','Can view ingredients');
INSERT INTO auth_permission VALUES(37,10,'add_tags','Can add tags');
INSERT INTO auth_permission VALUES(38,10,'change_tags','Can change tags');
INSERT INTO auth_permission VALUES(39,10,'delete_tags','Can delete tags');
INSERT INTO auth_permission VALUES(40,10,'view_tags','Can view tags');
INSERT INTO auth_permission VALUES(41,11,'add_tobuylist','Can add to buy list');
INSERT INTO auth_permission VALUES(42,11,'change_tobuylist','Can change to buy list');
INSERT INTO auth_permission VALUES(43,11,'delete_tobuylist','Can delete to buy list');
INSERT INTO auth_permission VALUES(44,11,'view_tobuylist','Can view to buy list');
INSERT INTO auth_permission VALUES(45,12,'add_subscriptions','Can add subscriptions');
INSERT INTO auth_permission VALUES(46,12,'change_subscriptions','Can change subscriptions');
INSERT INTO auth_permission VALUES(47,12,'delete_subscriptions','Can delete subscriptions');
INSERT INTO auth_permission VALUES(48,12,'view_subscriptions','Can view subscriptions');
INSERT INTO auth_permission VALUES(49,13,'add_recipe','Can add recipe');
INSERT INTO auth_permission VALUES(50,13,'change_recipe','Can change recipe');
INSERT INTO auth_permission VALUES(51,13,'delete_recipe','Can delete recipe');
INSERT INTO auth_permission VALUES(52,13,'view_recipe','Can view recipe');
INSERT INTO auth_permission VALUES(53,14,'add_ingredientstorecipe','Can add ingredients to recipe');
INSERT INTO auth_permission VALUES(54,14,'change_ingredientstorecipe','Can change ingredients to recipe');
INSERT INTO auth_permission VALUES(55,14,'delete_ingredientstorecipe','Can delete ingredients to recipe');
INSERT INTO auth_permission VALUES(56,14,'view_ingredientstorecipe','Can view ingredients to recipe');
INSERT INTO auth_permission VALUES(57,15,'add_favorites','Can add favorites');
INSERT INTO auth_permission VALUES(58,15,'change_favorites','Can change favorites');
INSERT INTO auth_permission VALUES(59,15,'delete_favorites','Can delete favorites');
INSERT INTO auth_permission VALUES(60,15,'view_favorites','Can view favorites');
CREATE TABLE IF NOT EXISTS "auth_group" ("id" integer NOT NULL PRIMARY KEY AUTOINCREMENT, "name" varchar(150) NOT NULL UNIQUE);
CREATE TABLE IF NOT EXISTS "users_user" ("id" integer NOT NULL PRIMARY KEY AUTOINCREMENT, "password" varchar(128) NOT NULL, "last_login" datetime NULL, "is_superuser" bool NOT NULL, "username" varchar(150) NOT NULL UNIQUE, "first_name" varchar(150) NOT NULL, "last_name" varchar(150) NOT NULL, "email" varchar(254) NOT NULL, "is_staff" bool NOT NULL, "is_active" bool NOT NULL, "date_joined" datetime NOT NULL, "is_subscribed" bool NOT NULL);
INSERT INTO users_user VALUES(1,'pbkdf2_sha256$260000$MNKtAvBDwaHxSl8dgvQdXG$FPint5etZB233MkQ3bO+C6+dXEKyQQ96jkOBvhK7KsQ=','2023-03-24 17:01:16.935977',1,'admin','','','',1,1,'2023-03-24 16:59:56.277118',0);
INSERT INTO users_user VALUES(2,'pbkdf2_sha256$260000$UPySKyUnDRQrCEbGNsEY6k$ziwd7dTyDqE2MaDqtMI3v3XCg2XYtlwuK58T4ALPUZc=',NULL,1,'admin1','','','',1,1,'2023-03-26 11:41:34.761546',0);
INSERT INTO users_user VALUES(3,'pbkdf2_sha256$260000$nKwVpQPcuPJ71iMgYLBLSv$m6o9CaNHt0uXsflIwTdTKjIphCoFRDfxceylVnWzMo8=',NULL,1,'admin2','','','',1,1,'2023-03-26 11:41:50.747402',0);
INSERT INTO users_user VALUES(4,'1111',NULL,1,'adminstest','vsev','rybnik','sdfkj@sdflkj.ru',0,1,'2023-03-26 12:22:28',1);
CREATE TABLE IF NOT EXISTS "users_user_groups" ("id" integer NOT NULL PRIMARY KEY AUTOINCREMENT, "user_id" bigint NOT NULL REFERENCES "users_user" ("id") DEFERRABLE INITIALLY DEFERRED, "group_id" integer NOT NULL REFERENCES "auth_group" ("id") DEFERRABLE INITIALLY DEFERRED);
CREATE TABLE IF NOT EXISTS "users_user_user_permissions" ("id" integer NOT NULL PRIMARY KEY AUTOINCREMENT, "user_id" bigint NOT NULL REFERENCES "users_user" ("id") DEFERRABLE INITIALLY DEFERRED, "permission_id" integer NOT NULL REFERENCES "auth_permission" ("id") DEFERRABLE INITIALLY DEFERRED);
CREATE TABLE IF NOT EXISTS "django_admin_log" ("id" integer NOT NULL PRIMARY KEY AUTOINCREMENT, "action_time" datetime NOT NULL, "object_id" text NULL, "object_repr" varchar(200) NOT NULL, "change_message" text NOT NULL, "content_type_id" integer NULL REFERENCES "django_content_type" ("id") DEFERRABLE INITIALLY DEFERRED, "user_id" bigint NOT NULL REFERENCES "users_user" ("id") DEFERRABLE INITIALLY DEFERRED, "action_flag" smallint unsigned NOT NULL CHECK ("action_flag" >= 0));
INSERT INTO django_admin_log VALUES(1,'2023-03-24 17:01:30.168113','1','Ingredients object (1)','[{"added": {}}]',9,1,1);
INSERT INTO django_admin_log VALUES(2,'2023-03-24 17:01:35.935963','2','Ingredients object (2)','[{"added": {}}]',9,1,1);
INSERT INTO django_admin_log VALUES(3,'2023-03-24 17:02:07.269086','1','salat tag','[{"added": {}}]',10,1,1);
INSERT INTO django_admin_log VALUES(4,'2023-03-24 17:02:11.401459','1','Salat','[{"added": {}}]',13,1,1);
INSERT INTO django_admin_log VALUES(5,'2023-03-24 17:02:36.427374','2','tag','[{"added": {}}]',10,1,1);
INSERT INTO django_admin_log VALUES(6,'2023-03-24 17:02:48.821584','2','Soup','[{"added": {}}]',13,1,1);
INSERT INTO django_admin_log VALUES(7,'2023-03-24 17:03:16.312000','1','apple','[{"added": {}}]',14,1,1);
INSERT INTO django_admin_log VALUES(8,'2023-03-24 17:03:44.783341','2','apple','[{"added": {}}]',14,1,1);
INSERT INTO django_admin_log VALUES(9,'2023-03-24 17:03:52.951197','2','apple','',14,1,3);
INSERT INTO django_admin_log VALUES(10,'2023-03-24 17:04:00.464713','3','carrot','[{"added": {}}]',14,1,1);
INSERT INTO django_admin_log VALUES(11,'2023-03-24 17:04:08.514940','4','carrot','[{"added": {}}]',14,1,1);
INSERT INTO django_admin_log VALUES(12,'2023-03-26 12:23:00.687891','4','adminstest','[{"added": {}}]',6,1,1);
CREATE TABLE IF NOT EXISTS "authtoken_token" ("key" varchar(40) NOT NULL PRIMARY KEY, "created" datetime NOT NULL, "user_id" bigint NOT NULL UNIQUE REFERENCES "users_user" ("id") DEFERRABLE INITIALLY DEFERRED);
CREATE TABLE IF NOT EXISTS "main_ingredients" ("id" integer NOT NULL PRIMARY KEY AUTOINCREMENT, "name" varchar(150) NOT NULL UNIQUE, "measurement_unit" varchar(50) NOT NULL);
INSERT INTO main_ingredients VALUES(1,'apple','kg');
INSERT INTO main_ingredients VALUES(2,'carrot','kg');
CREATE TABLE IF NOT EXISTS "main_tags" ("id" integer NOT NULL PRIMARY KEY AUTOINCREMENT, "name" varchar(100) NOT NULL UNIQUE, "color" varchar(50) NOT NULL UNIQUE, "slug" varchar(150) NOT NULL UNIQUE);
INSERT INTO main_tags VALUES(1,'salat tag','black','salat');
INSERT INTO main_tags VALUES(2,'tag','green','tag');
CREATE TABLE IF NOT EXISTS "main_tobuylist" ("id" integer NOT NULL PRIMARY KEY AUTOINCREMENT);
CREATE TABLE IF NOT EXISTS "main_recipe" ("id" integer NOT NULL PRIMARY KEY AUTOINCREMENT, "name" varchar(150) NOT NULL, "img" varchar(255) NULL, "description" varchar(400) NOT NULL, "time_to_cook" integer NOT NULL, "author_id" bigint NOT NULL REFERENCES "users_user" ("id") DEFERRABLE INITIALLY DEFERRED, "tags_id" bigint NOT NULL REFERENCES "main_tags" ("id") DEFERRABLE INITIALLY DEFERRED);
INSERT INTO main_recipe VALUES(1,'Salat','sadfjweroij','test desc',13,1,1);
INSERT INTO main_recipe VALUES(2,'Soup','lskadjaslkfj','test desc',13,1,2);
CREATE TABLE IF NOT EXISTS "main_ingredientstorecipe" ("id" integer NOT NULL PRIMARY KEY AUTOINCREMENT, "amount" integer NOT NULL, "ingredient_id" bigint NOT NULL REFERENCES "main_ingredients" ("id") DEFERRABLE INITIALLY DEFERRED, "recipe_id" bigint NOT NULL REFERENCES "main_recipe" ("id") DEFERRABLE INITIALLY DEFERRED);
INSERT INTO main_ingredientstorecipe VALUES(1,12,1,2);
INSERT INTO main_ingredientstorecipe VALUES(3,1,2,2);
INSERT INTO main_ingredientstorecipe VALUES(4,1,2,1);
CREATE TABLE IF NOT EXISTS "django_session" ("session_key" varchar(40) NOT NULL PRIMARY KEY, "session_data" text NOT NULL, "expire_date" datetime NOT NULL);
INSERT INTO django_session VALUES('0efq5l79m1fc4c3gtdvo7kun3fn2q74q','.eJxVjDsOwjAQBe_iGlm2N_4sJX3OYK1_OIAcKU4qxN1JpBTQvpl5b-ZpW6vfel78lNiVSXb53QLFZ24HSA9q95nHua3LFPih8JN2Ps4pv26n-3dQqde9DoAgXCHhAIRRRQJAHoqFIkgLgyQjOhxUyTIjBh0taYm7VxQqKw37fAG5yza6:1pfkmy:k9v3i53oUuj6hpJem04k1mCsQMWO75sGNk8tKn7KV60','2023-04-07 17:01:16.943084');
CREATE TABLE IF NOT EXISTS "main_favorites" ("id" integer NOT NULL PRIMARY KEY AUTOINCREMENT, "recipe_id" bigint NOT NULL REFERENCES "main_recipe" ("id") DEFERRABLE INITIALLY DEFERRED, "user_id" bigint NOT NULL REFERENCES "users_user" ("id") DEFERRABLE INITIALLY DEFERRED);
CREATE TABLE IF NOT EXISTS "main_subscriptions" ("id" integer NOT NULL PRIMARY KEY AUTOINCREMENT, "author_id" bigint NOT NULL REFERENCES "users_user" ("id") DEFERRABLE INITIALLY DEFERRED, "sub_id" bigint NOT NULL REFERENCES "users_user" ("id") DEFERRABLE INITIALLY DEFERRED, CONSTRAINT "unique_follow" UNIQUE ("author_id", "sub_id"), CONSTRAINT "its_not_allowed_to_follow_on_yourself" CHECK (NOT ("sub_id" = "author_id")));
INSERT INTO main_subscriptions VALUES(1,1,3);
INSERT INTO main_subscriptions VALUES(2,2,3);
INSERT INTO main_subscriptions VALUES(3,2,1);
INSERT INTO main_subscriptions VALUES(4,4,3);
DELETE FROM sqlite_sequence;
INSERT INTO sqlite_sequence VALUES('django_migrations',33);
INSERT INTO sqlite_sequence VALUES('django_content_type',15);
INSERT INTO sqlite_sequence VALUES('auth_permission',60);
INSERT INTO sqlite_sequence VALUES('auth_group',0);
INSERT INTO sqlite_sequence VALUES('django_admin_log',12);
INSERT INTO sqlite_sequence VALUES('users_user',4);
INSERT INTO sqlite_sequence VALUES('main_ingredients',2);
INSERT INTO sqlite_sequence VALUES('main_tags',2);
INSERT INTO sqlite_sequence VALUES('main_recipe',2);
INSERT INTO sqlite_sequence VALUES('main_ingredientstorecipe',4);
INSERT INTO sqlite_sequence VALUES('main_favorites',0);
INSERT INTO sqlite_sequence VALUES('main_subscriptions',5);
CREATE UNIQUE INDEX "django_content_type_app_label_model_76bd3d3b_uniq" ON "django_content_type" ("app_label", "model");
CREATE UNIQUE INDEX "auth_group_permissions_group_id_permission_id_0cd325b0_uniq" ON "auth_group_permissions" ("group_id", "permission_id");
CREATE INDEX "auth_group_permissions_group_id_b120cbf9" ON "auth_group_permissions" ("group_id");
CREATE INDEX "auth_group_permissions_permission_id_84c5c92e" ON "auth_group_permissions" ("permission_id");
CREATE UNIQUE INDEX "auth_permission_content_type_id_codename_01ab375a_uniq" ON "auth_permission" ("content_type_id", "codename");
CREATE INDEX "auth_permission_content_type_id_2f476e4b" ON "auth_permission" ("content_type_id");
CREATE UNIQUE INDEX "users_user_groups_user_id_group_id_b88eab82_uniq" ON "users_user_groups" ("user_id", "group_id");
CREATE INDEX "users_user_groups_user_id_5f6f5a90" ON "users_user_groups" ("user_id");
CREATE INDEX "users_user_groups_group_id_9afc8d0e" ON "users_user_groups" ("group_id");
CREATE UNIQUE INDEX "users_user_user_permissions_user_id_permission_id_43338c45_uniq" ON "users_user_user_permissions" ("user_id", "permission_id");
CREATE INDEX "users_user_user_permissions_user_id_20aca447" ON "users_user_user_permissions" ("user_id");
CREATE INDEX "users_user_user_permissions_permission_id_0b93982e" ON "users_user_user_permissions" ("permission_id");
CREATE INDEX "django_admin_log_content_type_id_c4bce8eb" ON "django_admin_log" ("content_type_id");
CREATE INDEX "django_admin_log_user_id_c564eba6" ON "django_admin_log" ("user_id");
CREATE INDEX "main_recipe_author_id_3b3e7443" ON "main_recipe" ("author_id");
CREATE INDEX "main_recipe_tags_id_d52cc67d" ON "main_recipe" ("tags_id");
CREATE INDEX "main_ingredientstorecipe_ingredient_id_3ea04b46" ON "main_ingredientstorecipe" ("ingredient_id");
CREATE INDEX "main_ingredientstorecipe_recipe_id_45f1355a" ON "main_ingredientstorecipe" ("recipe_id");
CREATE INDEX "django_session_expire_date_a5c62663" ON "django_session" ("expire_date");
CREATE INDEX "main_favorites_recipe_id_73eb79a4" ON "main_favorites" ("recipe_id");
CREATE INDEX "main_favorites_user_id_728d716c" ON "main_favorites" ("user_id");
CREATE UNIQUE INDEX "main_favorites_recipe_id_user_id_01f99c32_uniq" ON "main_favorites" ("recipe_id", "user_id");
CREATE INDEX "main_subscriptions_author_id_416f03d8" ON "main_subscriptions" ("author_id");
CREATE INDEX "main_subscriptions_sub_id_2bebea83" ON "main_subscriptions" ("sub_id");
COMMIT;
